Star1_ID,Star2_ID,AngularSeparation_rad
15863,5165,0.002068
26549,26551,0.002987
97165,51576,0.003402
71683,71681,0.004920
37279,5447,0.008157
68895,28103,0.009387
14135,59747,0.010488
85927,33018,0.013508
63608,28103,0.013534
89931,79882,0.013719
52419,68895,0.015409
45941,79882,0.016240
93506,79882,0.016407
27628,92420,0.016986
3419,52727,0.017528
72607,10602,0.017729
63608,68895,0.017729
45941,89931,0.017985
76600,82729,0.018388
76267,68756,0.018448
21281,82729,0.020343
45941,93506,0.020527
9640,7607,0.020976
82545,33856,0.021167
8903,71795,0.021272
61585,44471,0.021291
21281,76600,0.022698
28380,89937,0.023514
76267,79882,0.023688
68002,101772,0.024358
79882,68756,0.024633
52419,28103,0.024640
93506,68756,0.026353
76267,89931,0.026648
69996,71053,0.027129
52419,63608,0.028608
9640,113726,0.029038
93506,89931,0.029151
102098,42913,0.030030
23685,15900,0.031243
36188,85670,0.031429
47908,42828,0.031868
32362,19780,0.032670
65378,113726,0.033102
2081,55219,0.033319
65378,7607,0.035015
68933,84345,0.035109
71075,98337,0.035156
42828,77622,0.035171
76267,93506,0.035199
89931,68756,0.035222
2081,50371,0.035337
109492,55219,0.035961
23875,48774,0.036225
47908,77622,0.037305
9640,65378,0.037459
45238,77952,0.037642
85267,99240,0.037834
61932,59803,0.037862
76267,45941,0.039289
65378,63608,0.039350
45941,68756,0.039910
54872,106032,0.040170
78820,50099,0.040458
61585,81266,0.041033
46853,57757,0.041065
81266,44471,0.041860
113368,71352,0.043004
21281,67472,0.043079
61932,93194,0.043807
113368,23015,0.043965
59803,73334,0.044136
113726,7607,0.044501
9884,113726,0.045119
37740,30867,0.045319
93506,50371,0.045712
36188,64962,0.045755
65378,52419,0.045943
86742,94376,0.045959
17678,71795,0.045980
50371,68756,0.046039
93506,109492,0.046935
76267,82729,0.046978
27989,51576,0.047212
113368,61932,0.047612
50371,55219,0.047832
109492,50371,0.048287
65378,68895,0.048695
67472,82729,0.049273
32768,43813,0.049439
87833,68245,0.050134
100751,88771,0.050144
27989,97165,0.050729
65378,28103,0.050834
109074,16083,0.050871
74666,81833,0.050950
86670,92041,0.052042
71352,93194,0.053339
108085,77516,0.053711
8903,17678,0.054104
33977,68245,0.056042
45941,109492,0.056430
30324,32607,0.056607
86670,47908,0.056674
9884,65378,0.057035
3821,74666,0.057312
50583,89642,0.057864
61932,71352,0.058103
2081,109492,0.058873
25281,45080,0.058996
61932,73334,0.059088
79882,50371,0.059154
71860,99240,0.059283
61359,55219,0.060237
68756,82729,0.060551
30324,106985,0.061024
76267,76600,0.061960
67927,42536,0.062097
59196,2920,0.062271
79882,109492,0.062387
101772,46733,0.062411
90185,61199,0.062553
86742,37229,0.062754
78401,71075,0.062806
97649,63125,0.062870
21421,30867,0.062942
30343,46701,0.062967
63125,36377,0.063006
67472,76600,0.063097
52419,7607,0.063313
2081,61359,0.063854
86974,33018,0.064268
76267,50371,0.064433
82273,102618,0.064468
57632,72105,0.064546
28360,85727,0.064943
2920,26549,0.065086
76267,21281,0.065389
45941,50371,0.065996
80763,77622,0.066765
9884,63608,0.066863
89931,82729,0.066868
90185,15474,0.067065
27366,54879,0.067178
2920,26551,0.067318
26727,34444,0.067388
72105,9236,0.067421
21421,37740,0.067430
23015,106032,0.067469
63608,113726,0.067659
76267,67472,0.067784
75097,7097,0.068041
45556,10064,0.068199
109492,68756,0.068563
68702,84143,0.068740
78401,98337,0.069027
89931,67472,0.069188
14576,12706,0.069194
79882,82729,0.069615
42913,71352,0.069682
113368,59803,0.069728
63608,7607,0.069953
94376,37229,0.070358
81377,97165,0.070383
24436,34444,0.071438
68002,46733,0.071923
3419,73273,0.072298
73273,52727,0.072318
45941,54872,0.072655
89931,109492,0.072664
76600,68756,0.072685
89931,50371,0.072841
68895,7607,0.072988
14576,74785,0.073081
81377,51576,0.073374
93506,55219,0.073613
9884,9640,0.073624
9236,72220,0.073714
113368,93194,0.073975
37229,28103,0.074218
85927,86974,0.074310
50372,102422,0.074637
93805,75177,0.074913
82273,66657,0.075504
61941,7607,0.075513
54872,23015,0.075837
49583,71053,0.075843
25930,46651,0.076310
73334,93194,0.076469
87833,33977,0.076608
9640,63608,0.076668
54872,109492,0.076855
79593,59774,0.076862
85670,64962,0.076943
9640,52419,0.077251
59803,93194,0.077505
60718,82396,0.077710
2081,93506,0.077952
71352,23015,0.078228
7607,28103,0.078405
57632,101769,0.078424
52419,113726,0.078978
4427,14135,0.079179
9884,28103,0.079660
67927,46651,0.079823
79882,67472,0.079939
32607,106985,0.080105
21281,68756,0.080256
29655,66249,0.080274
68895,113726,0.080296
113726,28103,0.080674
25985,106985,0.080691
63608,37229,0.080846
22449,6867,0.080990
97649,746,0.081013
60718,112122,0.081038
50801,1562,0.081378
2081,68756,0.081380
25985,13209,0.081613
76267,109492,0.081654
89931,21281,0.081849
47908,92041,0.082088
2081,93805,0.082120
93506,82729,0.082139
68895,37229,0.082177
61941,42828,0.082803
86670,77622,0.083470
45941,82729,0.083565
9640,68895,0.083954
89931,76600,0.084081
25606,90422,0.084159
86032,74785,0.084244
9884,68895,0.084349
24608,27989,0.084526
9884,7607,0.085097
9640,61941,0.085259
79882,76600,0.085394
59196,26551,0.085461
59196,26549,0.085469
54872,93506,0.085967
66657,61585,0.086035
67472,68756,0.086196
45941,67472,0.086456
54872,89931,0.086676
73334,64962,0.086736
21281,79882,0.086747
74785,12706,0.086758
99473,84380,0.086998
24436,8796,0.087074
92041,77622,0.087184
80763,42828,0.087301
30438,20042,0.087316
55219,68756,0.087401
9640,28103,0.087487
4427,59747,0.087498
18532,116727,0.087814
23875,73334,0.087874
45941,55219,0.088343
86670,42828,0.088477
77233,7097,0.088477
14135,93085,0.088737
54872,79882,0.088818
61932,23015,0.088868
32362,7097,0.088903
83895,88048,0.089972
79882,55219,0.089992
59747,93085,0.090326
90422,50372,0.090835
9884,52419,0.091081
61941,47908,0.091174
69996,49583,0.091455
25281,75695,0.091625
59316,87261,0.092152
109268,53910,0.092229
50099,75695,0.092339
68933,9236,0.092465
113881,77070,0.092597
34444,8796,0.092649
75097,19780,0.092827
23875,64962,0.092830
2021,25606,0.092848
2081,79882,0.092908
102422,55282,0.093108
112029,37229,0.093232
71352,59803,0.093884
61359,93805,0.094944
82396,56561,0.095075
61359,109492,0.095230
93506,67472,0.096225
50371,75177,0.096378
93506,76600,0.096478
71860,85267,0.096536
46853,76600,0.096716
52419,37229,0.096858
45941,2081,0.097025
61359,50371,0.097335
74785,83000,0.097417
67301,17499,0.098047
24436,26727,0.098458
71681,92420,0.098645
64962,48774,0.098783
102098,71352,0.098810
32349,85258,0.098812
77516,49841,0.098838
19780,7097,0.098871
2081,75177,0.099109
88635,106985,0.099160
45941,106032,0.099232
80763,26311,0.099324
45941,21281,0.099397
76267,2081,0.099774
59803,23015,0.099826
45941,76600,0.100127
14576,73714,0.100389
93506,21281,0.100430
49669,78384,0.100771
5447,32759,0.101052
37279,32759,0.101762
89931,55219,0.102319
746,63125,0.102771
50371,82729,0.102794
71683,92420,0.103209
81693,45860,0.103245
80763,47908,0.103396
44127,17499,0.103955
76267,55219,0.104155
74395,6537,0.104270
66657,44471,0.104546
113368,73334,0.104598
59316,22449,0.104990
65474,67472,0.105032
87261,57363,0.105162
113368,42913,0.105273
65474,11767,0.105606
93805,50371,0.105621
75097,32362,0.105812
46853,75177,0.106063
71681,27628,0.106432
2081,89931,0.106519
113368,106032,0.106941
94376,28103,0.107154
3821,81833,0.107591
81833,68245,0.107811
68702,102488,0.108057
68933,75177,0.108241
38170,20889,0.108288
89931,106032,0.108474
9884,112029,0.108501
42913,93194,0.108556
67301,44127,0.108826
33977,57757,0.108918
54872,55219,0.109664
15474,61199,0.109827
92041,42828,0.109859
94376,68895,0.109984
100751,76470,0.110011
68756,75177,0.110120
65378,61941,0.110137
39429,59747,0.110155
45080,75695,0.110228
82514,33856,0.110487
50371,76600,0.110903
54872,68756,0.111133
71683,27628,0.111256
64962,93194,0.111504
76267,54872,0.111685
24305,86974,0.111771
93805,55219,0.111927
35264,106278,0.112061
72105,101769,0.112101
24608,71795,0.112314
73555,17378,0.112712
93747,93805,0.112786
84345,93805,0.113034
26241,52943,0.113109
21281,46853,0.113488
5364,22797,0.113760
36188,48774,0.113824
82514,82545,0.113882
61941,113726,0.114273
82273,61585,0.114414
71352,73334,0.114657
35904,81377,0.114801
84345,9236,0.114805
46853,82729,0.114819
106032,79882,0.114856
24608,8903,0.115166
9884,37229,0.115280
84970,100064,0.115335
53910,89962,0.115480
35904,88635,0.115816
42536,46651,0.115922
25428,38827,0.115979
106032,109492,0.116086
76470,88771,0.116463
36850,102488,0.116467
75177,57757,0.116517
76600,75177,0.116552
93506,106032,0.116629
49669,42536,0.116751
61941,77622,0.116787
72105,72220,0.117023
39429,20042,0.117648
23015,93194,0.117753
109268,63090,0.117776
32768,89962,0.117945
27989,81377,0.117952
54872,50371,0.118574
65378,37229,0.118667
52419,94376,0.118677
66657,81266,0.118800
86742,74395,0.118841
97278,104732,0.119601
39429,14135,0.119612
73334,48774,0.119616
63608,94376,0.119649
113368,54872,0.119801
45238,26634,0.119996
83081,22449,0.120172
76297,20889,0.120258
24674,47508,0.120417
84345,75177,0.120806
67301,35350,0.120869
76267,75177,0.121521
23875,36188,0.121548
42913,23015,0.121751
86929,6537,0.121855
82273,44471,0.121940
39429,93085,0.122305
97649,80816,0.122411
86032,83000,0.122483
65474,30122,0.122545
54539,15900,0.122829
52419,61941,0.122901
26311,10602,0.122904
68933,93805,0.123091
21281,50371,0.123102
59803,23875,0.123114
86670,61941,0.123136
97278,69996,0.123459
3092,56343,0.123534
39757,106278,0.123595
33977,46853,0.123639
75177,82729,0.123966
7588,61084,0.124090
11767,8903,0.124748
18532,26451,0.124759
25985,88635,0.124970
18543,112623,0.125062
23416,112724,0.125344
78820,75695,0.125519
24608,51576,0.125522
54061,78820,0.125769
97649,36377,0.125856
69673,102395,0.125945
23416,12706,0.125990
91262,92420,0.126056
68933,57757,0.126692
99473,78384,0.126703
26634,77952,0.126730
86742,28103,0.126883
83081,6867,0.127099
42913,61932,0.127253
37279,94141,0.127268
61932,64962,0.127529
44127,35350,0.127534
37826,102395,0.127980
109492,82729,0.128197
80763,10602,0.128479
24608,97165,0.128578
32768,89937,0.128594
59803,64962,0.129218
20042,93085,0.129424
57632,9236,0.129507
57757,72220,0.129575
93506,75177,0.129647
50335,8796,0.129679
82396,23767,0.129813
63608,112029,0.129884
5447,94141,0.130307
59316,83081,0.130447
14576,112724,0.131047
55219,75177,0.131409
113368,102098,0.131499
65474,21281,0.131508
50583,86414,0.131524
45080,66249,0.131538
67472,50371,0.132204
36188,73334,0.132470
86742,68895,0.132584
83000,35550,0.132656
61359,93747,0.132694
12706,112724,0.132703
93506,61359,0.132755
30324,88635,0.132826
8886,57363,0.132887
44471,102618,0.132901
66657,102618,0.132994
112029,28103,0.133386
13209,106985,0.133652
85670,13209,0.134402
79882,75177,0.134484
14576,86032,0.134487
35904,51576,0.134573
35904,97165,0.134616
33977,72220,0.135067
76267,106032,0.135085
86742,112029,0.135465
2081,54872,0.135707
39953,43109,0.135765
61585,102618,0.135868
85670,48774,0.136119
25985,48774,0.136189
80763,92041,0.136216
43813,33856,0.136346
32362,77233,0.136380
54061,112623,0.136564
2081,82729,0.136695
76600,57757,0.136715
30324,5364,0.136724
86742,63608,0.136824
61941,68895,0.136932
86263,56343,0.137048
12706,35550,0.137142
84379,20894,0.137170
677,48002,0.137436
68933,72105,0.137500
25985,32607,0.137694
28380,32768,0.137910
59803,106032,0.138121
102098,93194,0.138341
43813,82545,0.138821
9236,57757,0.138821
21281,75177,0.138826
41037,37819,0.139120
106032,68756,0.139123
2021,90422,0.139176
26311,72607,0.139385
85670,85727,0.139395
88714,40526,0.139400
43813,89962,0.139537
54872,67472,0.139772
23015,109492,0.139893
61941,63608,0.140021
30324,25985,0.140122
113726,37229,0.140235
91262,27628,0.140411
9640,42828,0.140498
11767,17678,0.140631
27366,26241,0.140867
23015,73334,0.140911
93805,109492,0.140969
94376,50335,0.140985
60718,23767,0.140994
109492,76600,0.141236
104732,49583,0.141311
74785,73714,0.141363
42828,7607,0.141573
13847,56343,0.141626
102098,23015,0.141632
67472,109492,0.141759
61084,6686,0.141939
71683,62322,0.142468
61359,68756,0.142492
112029,68895,0.142683
87833,81833,0.142684
32607,5364,0.142888
2081,76600,0.143095
61932,106032,0.143099
93805,68756,0.143174
21421,18543,0.143412
74666,68245,0.143791
11767,71795,0.143862
43813,89937,0.144007
28360,85670,0.144010
86032,73714,0.144259
112158,92041,0.144310
109492,75177,0.144357
77952,26551,0.144697
106032,67472,0.144728
52419,86742,0.144760
61941,28103,0.144768
80763,72607,0.144901
89931,75177,0.145114
72105,84345,0.145290
54539,23685,0.145346
71352,106032,0.145370
78265,17847,0.145448
13847,22549,0.145542
101769,72220,0.145672
71681,62322,0.145949
26311,54061,0.146039
97278,71053,0.146640
77070,99240,0.146736
61932,23875,0.146827
21281,109492,0.147026
32607,13209,0.147115
61359,75177,0.147186
55219,82729,0.147504
65474,82729,0.147552
77952,26549,0.147629
26634,80112,0.147661
27989,35904,0.147734
36188,13209,0.147754
80763,86670,0.147850
45941,75177,0.148398
44816,85696,0.148428
45941,23015,0.148447
45941,61359,0.148466
11767,30122,0.148474
17702,100345,0.148599
746,36377,0.148708
83000,12706,0.148718
76267,46853,0.148800
107315,29655,0.148829
4427,93085,0.148912
23875,85670,0.148946
26241,54879,0.148948
61359,79882,0.148997
78265,84380,0.149126
36188,93194,0.149340
92855,112158,0.149451
106032,55219,0.149669
77070,85267,0.150118
49669,67927,0.150313
68933,46853,0.150396
25281,66249,0.150688
71352,54872,0.150690
65378,112029,0.150733
4427,41704,0.150799
37229,7607,0.150801
68933,72220,0.150879
46853,68756,0.150966
93506,93805,0.150975
85927,80816,0.151153
84345,93747,0.151169
28360,13209,0.151807
13847,3092,0.151840
25930,67927,0.151973
108085,49841,0.152119
112029,113726,0.152365
52419,50335,0.152477
54872,82729,0.152925
9236,101769,0.153118
32349,86414,0.153153
110960,51624,0.153181
48774,13209,0.153438
87833,72220,0.153579
65474,76600,0.153916
23685,38170,0.154273
21281,57757,0.154318
57757,82729,0.154486
106032,50371,0.154682
11767,3821,0.154829
35264,73555,0.155059
82273,81266,0.155387
26727,8796,0.155691
60718,56561,0.155887
9640,37229,0.155892
33977,81833,0.156105
112122,82396,0.156179
88771,111169,0.156251
75097,77233,0.156396
46853,67472,0.156481
102098,61932,0.156746
57632,86414,0.156961
72607,2021,0.157004
2081,21281,0.157020
52419,112029,0.157298
76600,55219,0.157401
24608,17678,0.157425
17358,68282,0.157470
86670,112158,0.157743
59803,48774,0.157751
26311,77622,0.157784
65378,94376,0.157936
92855,80331,0.158452
102098,27628,0.158473
24674,63613,0.158484
9884,61941,0.158537
62434,32246,0.158735
23875,93194,0.158877
38170,51624,0.159314
68895,50335,0.159318
94376,74395,0.159672
28380,43813,0.159726
50372,55282,0.159867
47908,7607,0.159958
30438,62956,0.160023
76267,93805,0.160155
84345,57757,0.160375
76267,61359,0.160407
46390,100345,0.160536
93506,23015,0.160556
32349,50583,0.160727
90422,102422,0.160804
57632,72220,0.160847
25336,43109,0.160943
94376,112029,0.160964
42913,14354,0.161282
61359,89931,0.161805
112122,16083,0.161873
10064,24674,0.161873
54872,61359,0.161962
54061,50099,0.161997
19780,77233,0.162037
9640,47908,0.162328
23015,89931,0.162356
36850,95947,0.162413
100453,75097,0.162658
80816,33018,0.162685
79882,93805,0.162700
61932,54872,0.163110
78820,112623,0.163352
97278,49583,0.163355
42913,59803,0.163568
85670,73334,0.163687
25336,109427,0.163692
57757,68245,0.164038
100751,109074,0.164205
23015,55219,0.164208
23015,79882,0.164576
71352,64962,0.164657
25606,50372,0.165002
25930,84379,0.165403
113726,42828,0.165420
50335,28103,0.165520
80763,61941,0.165549
72622,24305,0.165553
54872,21281,0.165680
23685,8102,0.165861
92855,17847,0.165882
72105,86414,0.165970
34444,50335,0.166038
59803,54872,0.166136
102098,14354,0.166716
3092,22549,0.166913
74785,35550,0.167183
61941,92041,0.167193
63125,80816,0.167224
14576,83000,0.167452
21281,55219,0.167501
2081,67472,0.167544
74395,37229,0.168030
746,85792,0.168064
84379,46651,0.168284
25428,41037,0.168464
65474,89931,0.168608
91262,62322,0.168626
86032,43109,0.168705
23416,35550,0.168848
36188,85727,0.168966
75141,84379,0.169081
46853,50371,0.169150
26451,116727,0.169510
73714,12706,0.169516
106032,82729,0.169522
67472,55219,0.169556
30122,106032,0.169833
2081,93747,0.169857
86032,12706,0.170034
24608,86228,0.170039
46853,72220,0.170146
62322,67464,0.170310
2021,10602,0.170396
54872,76600,0.170571
8102,15900,0.170686
81377,88635,0.170909
102098,92420,0.171018
61932,36188,0.171121
45941,93805,0.171433
46853,79882,0.171628
50099,112623,0.171672
71860,77070,0.171821
25985,23875,0.171880
87073,26551,0.171892
108085,40526,0.171976
33579,100453,0.172012
67472,75177,0.172129
87073,26549,0.172208
80331,50335,0.172293
65474,76267,0.172468
26727,17702,0.172590
93194,14354,0.172668
5447,112158,0.172769
59316,57363,0.173477
104732,69996,0.173773
46853,68245,0.173774
81266,102618,0.173882
45556,23767,0.173936
91262,71681,0.174056
24305,33018,0.174228
113368,64962,0.174248
71908,49583,0.174262
77952,87073,0.174419
9640,77622,0.174544
9884,94376,0.174592
2081,106032,0.174684
89931,46853,0.174712
54061,10602,0.174712
59803,36188,0.174919
88635,32607,0.174921
85670,93194,0.175072
65378,42828,0.175279
28360,36188,0.175361
42913,54872,0.175364
91262,71683,0.175746
89931,93805,0.176037
72220,68245,0.176088
65378,86742,0.176095
60965,75458,0.176419
7607,77622,0.176488
102488,84143,0.176704
30438,93085,0.176757
63608,50335,0.177018
93506,46853,0.177311
9236,46853,0.177683
30324,13209,0.177716
9884,86742,0.178036
59316,6867,0.178070
106032,21281,0.178400
61932,48774,0.178576
8796,86929,0.178672
93805,76600,0.178794
73714,112724,0.178819
30122,67472,0.178909
18246,52943,0.178937
54061,72607,0.179004
9640,112029,0.179047
22449,87261,0.179384
14576,23416,0.179499
10064,47508,0.179502
106032,93194,0.179610
77516,40526,0.179692
86228,71795,0.179729
87833,57757,0.180114
65474,3821,0.180191
84345,72220,0.180327
46853,93805,0.180502
37279,112158,0.180581
64962,13209,0.180650
93805,82729,0.180692
42913,73334,0.180960
84345,46853,0.180983
13847,47508,0.181196
65474,79882,0.181241
104732,71053,0.181315
113368,109492,0.181338
68933,93747,0.181430
45238,26551,0.181602
14328,95501,0.181630
108085,59774,0.181746
94376,7607,0.181910
73334,106032,0.182243
33977,74666,0.182392
50099,25281,0.182678
22449,8886,0.182932
58001,105199,0.182963
65474,45941,0.183430
39429,75264,0.183709
32768,33856,0.184425
45238,26549,0.184575
75141,20894,0.184615
25930,20894,0.184704
39953,83000,0.184716
68756,57757,0.184758
26311,42828,0.184914
86670,80331,0.184960
76267,57757,0.184974
38170,15900,0.184987
93194,48774,0.185102
112029,7607,0.185136
42913,106032,0.185237
93747,75177,0.185298
85927,24305,0.185453
102098,54872,0.185483
81377,48774,0.185512
93805,57757,0.185602
93747,55219,0.185732
3821,68245,0.185782
87833,74666,0.185816
9236,75177,0.186088
81377,23875,0.186250
23015,68756,0.186331
25428,37819,0.186359
86742,50335,0.186676
53910,63090,0.186852
23015,50371,0.186978
94376,113726,0.187214
27989,8903,0.187412
59747,20042,0.187455
86742,6537,0.187496
25985,85670,0.187518
76267,23015,0.187528
71352,14354,0.187667
23875,13209,0.187679
45941,46853,0.187748
106032,76600,0.187881
32768,82545,0.188005
42913,27628,0.188044
25985,36188,0.188279
22549,63613,0.188423
76470,111169,0.188751
41704,93085,0.188768
80816,86974,0.188845
2081,46853,0.188936
47908,113726,0.189049
67464,6867,0.189131
112029,74395,0.189226
89642,86414,0.189258
102098,61359,0.189993
100751,16083,0.190126
27989,71795,0.190161
14135,41704,0.190247
59196,77952,0.190331
10602,77622,0.190449
59196,26634,0.190644
2081,84345,0.190740
113368,23875,0.190765
9236,33977,0.190845
65474,68756,0.190900
34444,80331,0.190909
50335,37229,0.191141
92855,78265,0.191215
9884,2021,0.191347
18543,50099,0.191388
18543,30867,0.192011
25930,42536,0.192133
14135,20042,0.192390
113368,45941,0.192415
102098,59803,0.192586
105199,14328,0.192588
68933,2081,0.192637
86228,17678,0.193070
54872,93194,0.193556
100345,17847,0.193647
746,80816,0.193720
18532,60260,0.193909
9640,94376,0.193926
107556,83081,0.193934
50335,7607,0.193997
38170,8102,0.194239
72607,112623,0.194273
60965,85727,0.194281
109268,89962,0.194294
65378,47908,0.194724
26311,47908,0.194752
26311,92041,0.194836
107315,66249,0.194871
8886,67464,0.194939
65378,50335,0.195162
74395,86929,0.195475
80331,112158,0.195479
56561,110960,0.195525
92041,32759,0.195643
2081,23015,0.195680
26727,17847,0.195737
25281,68282,0.195793
50371,57757,0.196055
102098,55219,0.196434
35350,17499,0.196510
7588,6686,0.196594
39429,4427,0.197139
5364,106985,0.197143
46701,16083,0.197154
4427,69996,0.197294
57632,50583,0.197302
67472,57757,0.197364
25606,104732,0.197366
68002,111169,0.197395
10602,42828,0.197485
65474,93506,0.197515
109074,88771,0.197699
32349,89642,0.197722
85727,13209,0.197779
8886,87261,0.197890
86670,7607,0.198275
74785,112724,0.198280
102098,109492,0.198449
113726,77622,0.198498
80763,9640,0.198565
65474,106032,0.198629
85670,14354,0.198644
41037,84012,0.198800
24608,81377,0.198899
61941,50335,0.198935
21281,93805,0.198982
37279,27288,0.199003
36188,14354,0.199385
26241,18246,0.199386
14576,35550,0.199442
87833,46853,0.199649
86228,8903,0.199719
45238,87073,0.199764
52419,42828,0.199821
50099,45080,0.199828
28360,60965,0.199871
61359,82729,0.200007
42913,109492,0.200061
61932,85670,0.200118
42913,92420,0.200195
62322,92420,0.200329
57632,68933,0.200642
68933,50371,0.200653
59747,41704,0.200671
18246,54879,0.200817
86742,113726,0.200837
71352,109492,0.200863
75695,68282,0.200901
102098,106032,0.200916
61359,23015,0.201521
64962,14354,0.201700
5165,93864,0.201713
84345,86414,0.201853
61359,106032,0.201905
26634,26551,0.202075
14354,85727,0.202086
71352,23875,0.202197
71352,36188,0.202500
15863,93864,0.202610
112623,10602,0.202703
113368,55219,0.202706
74946,59316,0.202902
93747,50371,0.203060
100751,111169,0.203250
42913,55219,0.203429
2021,113726,0.203526
30438,39429,0.203671
54872,30122,0.203688
83895,84970,0.204014
113368,93506,0.204329
57632,84345,0.204362
33977,76600,0.204384
88635,13209,0.204514
84345,50371,0.204769
84012,100064,0.204913
26634,26549,0.204964
71908,50372,0.205104
9640,86670,0.205153
25985,64962,0.205250
86742,7607,0.205257
24436,50335,0.205407
42913,61359,0.205452
72607,77622,0.205588
23767,46701,0.205655
61359,84345,0.205740
59803,85670,0.205761
23685,20889,0.205896
113368,89931,0.206226
72105,57757,0.206234
112122,23767,0.206340
97165,30122,0.206475
32759,27288,0.206673
5447,27288,0.206720
61359,76600,0.206920
79882,57757,0.206938
80763,7607,0.207101
77952,2920,0.207734
30122,51576,0.208053
113368,79882,0.208542
61359,27628,0.208940
22449,67464,0.209015
61941,80331,0.209022
54879,49841,0.209104
84380,78384,0.209313
14328,101958,0.209380
9884,42828,0.209418
23015,67472,0.209568
78820,18543,0.209599
69673,37826,0.209669
59316,8886,0.209691
54872,73334,0.209827
65378,77622,0.209894
113881,99240,0.209897
113963,74946,0.209988
26311,32759,0.209998
30324,22797,0.210187
29655,45080,0.210200
3179,85267,0.210303
17358,25281,0.210308
2081,57757,0.210437
11767,67472,0.210477
71860,113881,0.210547
18543,37740,0.210571
64962,85727,0.210661
91262,14354,0.210723
93506,57757,0.210769
72607,42828,0.210802
102098,73334,0.210939
89931,30122,0.211024
94376,86929,0.211287
89931,57757,0.211396
94376,8796,0.211417
26727,80331,0.211434
63608,42828,0.211447
68933,76600,0.211589
45238,80112,0.211688
78820,25281,0.211744
8903,30122,0.211787
69673,95947,0.211905
11767,74666,0.212019
112122,109074,0.212164
68895,42828,0.212309
78384,42536,0.212431
74785,23416,0.212456
17702,17847,0.212480
86742,86929,0.212494
94376,6537,0.212535
109074,46701,0.212570
33977,21281,0.212570
31681,27288,0.212653
112158,47908,0.212737
72622,43109,0.212845
54872,75177,0.212929
65474,54872,0.213154
46853,109492,0.213182
33977,3821,0.213283
71681,93747,0.213394
9640,86742,0.213486
71908,104732,0.213552
16083,88771,0.213561
52419,47908,0.213616
59803,30122,0.213621
31681,28380,0.213825
100064,61199,0.213832
42913,64962,0.214157
62956,26207,0.214158
9640,50335,0.214454
8903,51576,0.214460
85792,81693,0.214676
85258,86414,0.214708
48774,106985,0.214711
35904,106985,0.214789
88635,48774,0.214807
9236,93805,0.215175
4427,71053,0.215213
46853,55219,0.215428
71683,93747,0.215506
80763,113726,0.215998
62322,27628,0.216017
61932,14354,0.216024
71352,55219,0.216050
45556,24674,0.216210
23015,64962,0.216397
9236,86414,0.216424
8903,97165,0.216433
26241,17378,0.216445
81377,25985,0.216522
77233,102618,0.216643
101772,111169,0.216699
82273,77233,0.216809
113368,36188,0.216813
76297,46733,0.216998
30343,16083,0.216998
69673,1067,0.217132
56561,23767,0.217297
45941,30122,0.217301
33856,89937,0.217590
30343,109074,0.217618
112122,56561,0.217632
112158,32759,0.217665
54872,93805,0.217770
24436,17702,0.217805
78820,68282,0.217944
22449,57363,0.217991
113963,87261,0.217996
68933,61359,0.218032
83000,43109,0.218066
24608,11767,0.218085
75177,72220,0.218293
74946,83081,0.218304
68933,68756,0.218325
62434,35550,0.218535
42828,28103,0.218931
61941,37229,0.218974
17678,3821,0.219035
76297,38170,0.219271
39953,86032,0.219554
23015,30122,0.219560
20889,51624,0.219953
30122,21281,0.220093
61359,21281,0.220334
104732,112029,0.220514
18543,55282,0.220656
77070,18724,0.220743
28360,64962,0.220952
51576,71795,0.221041
68702,36850,0.221231
45238,59196,0.221234
45556,82396,0.221293
93747,109492,0.221484
83081,87261,0.221540
71352,45941,0.221616
9640,2021,0.221656
116727,60260,0.221764
84379,42536,0.221918
68933,33977,0.221954
80816,36377,0.222057
33977,82729,0.222321
35904,25985,0.222431
74946,87261,0.222457
1067,87108,0.222545
39953,72622,0.222561
71908,102422,0.222616
5447,92041,0.222655
97278,112029,0.222722
23875,23015,0.222760
84345,55219,0.222825
47908,10602,0.223113
45941,57757,0.223133
97165,71795,0.223277
67472,93805,0.223516
68933,82729,0.223567
80331,47908,0.223621
65474,46853,0.223688
68933,86414,0.223730
31681,17358,0.223862
33977,75177,0.223864
113368,48774,0.223952
87833,9236,0.224217
30122,79882,0.224437
97165,88635,0.224523
59747,69996,0.224712
80331,92041,0.224770
52943,73555,0.224830
50099,68282,0.224866
4427,97278,0.224867
30343,75264,0.224960
60718,16083,0.225080
61359,92420,0.225232
97278,74395,0.225309
97649,85927,0.225355
65474,8903,0.225395
49669,46651,0.225432
81377,30122,0.225629
45080,30867,0.225655
113881,85267,0.225728
68933,55219,0.225784
24608,35904,0.225893
24436,86929,0.225905
88635,51576,0.225923
26311,86670,0.226089
14135,69996,0.226172
93747,27628,0.226363
87073,2920,0.226600
65474,74666,0.226855
47908,68895,0.227201
102098,2081,0.227206
50335,113726,0.227219
37826,39953,0.227341
87073,44127,0.227442
49669,99473,0.227452
61359,67472,0.227469
94141,32759,0.227518
71352,85670,0.227523
24305,87108,0.227590
100453,7097,0.227591
79593,108085,0.227617
30122,82729,0.228009
23015,82729,0.228040
35264,39757,0.228123
61932,109492,0.228263
63608,47908,0.228576
27989,30122,0.228697
76267,30122,0.228912
76267,68933,0.229007
84345,68756,0.229088
113368,50371,0.229093
31681,89937,0.229123
26727,50335,0.229189
67927,84379,0.229239
112158,77622,0.229279
113368,14354,0.229556
53910,32768,0.229604
97649,85792,0.229655
89937,1562,0.229664
65109,31685,0.229792
94141,27288,0.229925
37279,92041,0.229962
2021,50372,0.229989
113368,68756,0.230200
100453,19780,0.230207
25281,29655,0.230402
85927,63125,0.230490
2021,112029,0.230492
71352,93506,0.230794
3179,18724,0.231015
90422,55282,0.231321
94141,112158,0.231352
113368,76267,0.231484
72622,86974,0.231741
71352,48774,0.231839
30122,71795,0.232287
87833,3821,0.232378
82545,89937,0.232492
84345,76600,0.232611
36850,19780,0.232674
85258,8886,0.233002
39953,87108,0.233021
11767,21281,0.233129
65378,86670,0.233131
28360,25985,0.233403
59747,71053,0.233426
34444,17702,0.233479
86670,113726,0.233505
113368,61359,0.233514
57632,89642,0.233543
75264,20042,0.233790
9884,47908,0.233857
68933,21281,0.234138
47908,28103,0.234608
18724,86263,0.234657
101769,86414,0.234663
65378,2021,0.234976
52419,77622,0.234984
73714,83000,0.235042
61941,94376,0.235056
113368,2081,0.235141
66249,75695,0.235325
78820,45080,0.235363
59774,77516,0.235437
61932,45941,0.235511
20889,15900,0.235552
78265,99473,0.235590
73334,14354,0.235606
42913,2081,0.235651
24608,30122,0.235653
37826,87108,0.235762
86032,35550,0.235925
80763,65378,0.235989
45941,59803,0.236022
14135,71053,0.236043
27989,17678,0.236128
25606,112029,0.236202
46701,75264,0.236311
71352,61359,0.236404
42913,45941,0.236580
27989,86228,0.236644
65474,50371,0.236701
20894,46651,0.236735
71352,89931,0.236949
80331,8796,0.237160
93747,92420,0.237170
93506,30122,0.237220
71352,79882,0.237342
1067,60260,0.237365
72607,47908,0.237375
68933,93506,0.237513
80763,54061,0.237549
41704,6537,0.237643
13847,86263,0.237854
59803,109492,0.237874
91262,102098,0.237970
8886,6867,0.238102
13847,63613,0.238273
113368,30122,0.238354
97649,33018,0.238849
13847,24674,0.238884
25606,102422,0.239053
18543,75695,0.239056
32607,22797,0.239115
27628,14354,0.239179
48002,41704,0.239203
40526,49841,0.239443
77952,80112,0.239484
23015,21281,0.239633
26634,2920,0.239678
9884,25606,0.239711
9236,68245,0.239712
65474,109492,0.239748
52943,54879,0.239777
37826,35550,0.239782
55219,57757,0.239832
42913,93506,0.239941
71860,74946,0.240031
92041,7607,0.240040
100453,102488,0.240111
21281,3821,0.240121
14354,92420,0.240215
8903,3821,0.240385
87073,35350,0.240395
47508,63613,0.240427
28380,33856,0.240527
102098,45941,0.240562
86228,84143,0.240727
74395,28103,0.240885
78401,52727,0.241024
677,41704,0.241063
102098,50371,0.241120
28360,75458,0.241319
89962,89937,0.241354
102098,93506,0.241355
87833,65109,0.241557
10064,23767,0.241565
79593,75458,0.241597
30122,76600,0.241643
9884,77622,0.241768
71860,113963,0.241783
76267,84345,0.241836
62434,102395,0.241846
30122,73334,0.241860
68933,101769,0.241911
17358,66249,0.241996
23875,88635,0.242084
102098,64962,0.242355
28380,1562,0.242476
2021,7607,0.242508
72607,25606,0.242519
9640,10602,0.242523
109492,57757,0.242529
72105,75177,0.242639
50583,72105,0.242656
84345,82729,0.242708
68933,79882,0.242722
86670,52419,0.242987
9884,50335,0.243185
45238,2920,0.243341
37826,83000,0.243395
76600,68245,0.243408
107315,17358,0.243419
63125,33018,0.243608
7588,35350,0.243798
9640,92041,0.243867
42913,36188,0.244110
112158,42828,0.244361
74785,43109,0.244377
30324,35904,0.244497
30122,68756,0.244509
31681,68282,0.244579
113881,74946,0.244730
21421,55282,0.244759
61932,30122,0.244783
22797,27072,0.244811
113368,85670,0.244858
72105,46853,0.244967
10602,113726,0.244981
42913,50371,0.245413
93506,84345,0.245420
28380,89962,0.245430
23875,97165,0.245459
7588,48002,0.245502
67472,3821,0.245511
80763,32759,0.245606
65474,71795,0.245789
23015,76600,0.245922
62956,20042,0.245981
106032,75177,0.246156
65474,17678,0.246224
22549,56343,0.246245
33579,22797,0.246283
86742,8796,0.246392
63608,77622,0.246421
82514,43813,0.246459
59803,89931,0.246463
46853,81833,0.246560
82273,32362,0.246588
68933,109492,0.246588
72607,9640,0.246623
75141,44471,0.246705
54061,18543,0.246719
80331,42828,0.246803
89962,63090,0.246884
31685,36377,0.246889
93747,68756,0.246920
72607,113726,0.246996
61359,46853,0.247011
59774,40526,0.247212
26241,73555,0.247293
86670,32759,0.247417
68895,77622,0.247462
21281,68245,0.247496
45556,47508,0.247633
93506,93747,0.247690
50335,86929,0.247763
84345,109492,0.247793
68895,74395,0.247809
3179,99240,0.247844
38827,112748,0.247950
94141,99473,0.248106
61932,89931,0.248128
37229,6537,0.248337
71908,71053,0.248440
18246,108085,0.248530
3419,89642,0.248546
75695,30867,0.248675
32759,77622,0.248694
63608,74395,0.248716
52943,17378,0.248755
25336,86032,0.248787
61932,93506,0.248808
85696,85792,0.248882
23875,51576,0.248980
72105,33977,0.249055
93747,86414,0.249101
71352,50371,0.249116
71352,2081,0.249337
81377,106985,0.249386
44816,110130,0.249402
80331,17847,0.249493
23875,106985,0.249526
27366,52943,0.249655
59803,14354,0.249669
72607,90422,0.249942
26311,112623,0.250047
33977,67472,0.250267
61932,55219,0.250278
97165,48774,0.250304
46853,74666,0.250311
78401,110130,0.250384
104732,90422,0.250489
28360,32607,0.250517
42913,79882,0.250520
34444,17847,0.250643
11767,82729,0.250761
3419,101769,0.250762
3821,71795,0.250855
95947,19780,0.250855
93194,109492,0.250887
23875,106032,0.251030
67927,78384,0.251053
54061,75695,0.251281
81833,57757,0.251282
113368,67472,0.251294
59803,93506,0.251602
59196,112724,0.251627
61932,79882,0.251708
35550,112724,0.251747
59803,79882,0.252020
73334,13209,0.252071
45556,56561,0.252223
107556,6867,0.252392
58001,109427,0.252404
81377,73334,0.252477
112122,46701,0.252578
84345,79882,0.252749
3821,76600,0.252944
27989,88635,0.253091
94141,84380,0.253120
68933,89931,0.253208
60718,46701,0.253309
62434,23416,0.253358
61941,10602,0.253366
102098,79882,0.253386
25428,112748,0.253393
85927,36377,0.253519
50583,101769,0.253706
51576,48774,0.253745
80763,9884,0.253789
46853,3821,0.253924
42913,89931,0.253949
23416,83000,0.253974
77622,28103,0.254042
25985,73334,0.254073
45080,68282,0.254285
27628,55219,0.254469
89962,82545,0.254575
11767,76600,0.254660
27366,18246,0.254661
53910,43813,0.255012
28380,82545,0.255044
30122,17678,0.255137
71908,90422,0.255278
84345,21281,0.255309
85696,45860,0.255309
84345,101769,0.255315
78265,100345,0.255323
23875,30122,0.255421
30438,59747,0.255498
17499,86929,0.255715
67301,48002,0.255756
112623,75695,0.255812
100453,32362,0.255833
52727,89642,0.256063
112748,37740,0.256137
80763,2021,0.256171
76297,101772,0.256240
106032,93805,0.256463
68933,45941,0.256552
113136,88714,0.256571
3419,78401,0.256655
26451,33018,0.256784
18246,77516,0.256886
88635,5364,0.256954
84345,33977,0.257067
72105,93805,0.257075
87833,101769,0.257086
71352,68756,0.257123
59196,87073,0.257163
8102,51624,0.257181
71352,27628,0.257270
50583,85258,0.257419
71681,61359,0.257544
2021,63608,0.257559
23015,48774,0.257577
25606,10602,0.257676
86670,68895,0.257775
30438,14135,0.257897
36850,100453,0.257938
81266,75141,0.258072
35904,48774,0.258241
102098,89931,0.258360
28360,48774,0.259088
92855,86670,0.259136
113963,54539,0.259233
54879,77516,0.259314
87261,6867,0.259366
76470,101958,0.259503
10602,7607,0.259680
17358,45080,0.259729
23015,36188,0.259768
60965,106278,0.259773
91262,42913,0.259876
80331,77622,0.259908
85927,26451,0.260052
28360,14354,0.260062
3092,86263,0.260095
84012,84970,0.260118
89962,33856,0.260131
27366,49841,0.260136
80331,7607,0.260216
3821,82729,0.260291
68245,82729,0.260330
39953,74785,0.260362
54872,46853,0.260384
52419,80331,0.260447
85670,106985,0.260551
61941,112029,0.260648
44816,31685,0.260755
76267,71352,0.260858
52419,74395,0.261197
82514,1562,0.261347
11767,81833,0.261352
112748,37819,0.261672
71683,61359,0.261711
24436,80331,0.261735
36850,32362,0.262107
93747,79882,0.262128
106278,73555,0.262208
21281,74666,0.262255
86670,63608,0.262519
81693,95501,0.262589
65474,57757,0.262887
71681,102098,0.262907
72607,61941,0.262983
27989,11767,0.263100
74666,57757,0.263108
61359,57757,0.263437
42913,85670,0.263632
30122,109492,0.263823
59803,55219,0.263861
33856,1562,0.264076
9884,72607,0.264249
89931,84345,0.264317
59803,81377,0.264318
76267,33977,0.264343
92041,10602,0.264407
21421,75695,0.264439
9236,76600,0.264486
72607,7607,0.264566
30343,20042,0.264710
102395,35550,0.264713
23015,14354,0.264748
26311,61941,0.264807
52727,98337,0.264846
109074,76470,0.264993
9236,93747,0.265022
76267,93747,0.265059
65474,23015,0.265061
9884,10602,0.265115
86032,112724,0.265257
45941,84345,0.265322
93805,72220,0.265340
95947,32362,0.265396
26727,92855,0.265416
36188,106985,0.265435
36377,33018,0.265499
42913,68756,0.265547
25606,113726,0.265607
71908,69996,0.265698
65474,81833,0.265908
47908,32759,0.265980
102098,68756,0.266030
45941,93194,0.266048
106032,64962,0.266083
21421,45080,0.266143
86670,28103,0.266159
76600,72220,0.266288
58001,6686,0.266360
51576,17678,0.266436
18246,75458,0.266548
61941,86742,0.266651
46733,111169,0.266714
42913,23875,0.266725
21421,112623,0.266754
45941,93747,0.266866
57632,57757,0.266967
26311,78820,0.266983
73273,101769,0.266993
34444,86929,0.267079
21421,50099,0.267245
90422,10602,0.267278
30343,23767,0.267400
5447,86670,0.267502
35264,17378,0.267731
17678,74666,0.267795
23416,73714,0.267862
61585,75141,0.267883
71683,102098,0.267895
4427,20042,0.267979
107315,63090,0.268145
93194,55219,0.268166
22797,106985,0.268265
52727,101769,0.268283
97165,17678,0.268586
39757,60965,0.268727
45080,37740,0.268829
36850,75097,0.268908
87833,72105,0.269076
38827,15474,0.269381
85792,63125,0.269662
71352,92420,0.269740
86670,50335,0.269747
11767,51576,0.269857
80763,52419,0.269932
33977,68756,0.270019
33977,101769,0.270215
11767,97165,0.270275
65474,75177,0.270327
72622,87108,0.270397
102098,36188,0.270494
85258,57363,0.270622
2021,28103,0.270729
92855,92041,0.270735
35264,52943,0.270744
76600,74666,0.270847
65474,55219,0.270927
92041,113726,0.270968
2081,27628,0.271117
24436,17499,0.271186
92420,55219,0.271303
66657,32362,0.271351
84970,88048,0.271412
65109,81833,0.271513
113368,82729,0.271641
32607,48774,0.271745
2021,104732,0.271851
65474,2081,0.271966
48774,85727,0.272073
57757,101769,0.272109
35904,23875,0.272282
37229,86929,0.272703
31681,1562,0.272786
61941,112158,0.272812
25985,5364,0.272823
68933,67472,0.272838
52419,8796,0.272845
85267,18724,0.272920
65109,68245,0.272985
47908,50335,0.272996
76267,59803,0.273009
25606,71908,0.273311
105199,95501,0.273443
26634,112724,0.273464
50099,30867,0.273477
28360,106985,0.273580
11767,89931,0.273677
9884,74395,0.273838
86670,10602,0.273853
42913,76267,0.273869
17358,75695,0.273899
61932,76267,0.274061
41037,100064,0.274128
102488,95947,0.274129
61932,68756,0.274236
80331,68895,0.274309
76297,51624,0.274470
2021,68895,0.274520
25336,72622,0.274644
3821,57757,0.274964
80763,63608,0.275023
65378,92041,0.275032
27288,68282,0.275126
37279,86670,0.275134
79593,18246,0.275152
66657,77233,0.275289
30324,48774,0.275397
65378,10602,0.275449
65474,33977,0.275541
90185,100064,0.275634
61932,50371,0.275705
59803,68756,0.275752
60718,109074,0.275772
89931,93747,0.275820
30438,30343,0.275860
68895,8796,0.275962
677,93085,0.275966
25281,30867,0.276064
67472,74666,0.276085
23015,93805,0.276119
102098,76267,0.276144
69673,36850,0.276398
90422,112623,0.276705
92855,84380,0.276708
59803,67472,0.276856
25985,85727,0.276971
30438,677,0.277017
113963,57363,0.277218
75177,68245,0.277234
93506,93194,0.277248
68002,76297,0.277314
50335,42828,0.277332
89642,101769,0.277412
68933,68245,0.277496
27628,109492,0.277501
82273,7097,0.277599
82273,19780,0.277660
2021,42828,0.277713
104732,50372,0.277835
68933,87833,0.277839
3419,98337,0.277974
11767,76267,0.278049
113136,20894,0.278260
72607,65378,0.278271
81377,64962,0.278461
52419,2021,0.278466
9884,86670,0.278589
7588,677,0.278778
9640,80331,0.278881
18543,102422,0.279114
15863,75141,0.279115
113963,59316,0.279248
8796,37229,0.279502
83000,112724,0.279555
79593,77516,0.279619
85792,45860,0.279741
80763,112158,0.279887
2081,9236,0.279939
50583,3419,0.279958
8796,28103,0.279982
60260,87108,0.279985
41704,74395,0.279995
32362,102618,0.280024
80763,68895,0.280061
87833,76600,0.280088
45941,73334,0.280096
89931,93194,0.280115
9236,82729,0.280161
61932,61359,0.280290
21281,81833,0.280321
73334,109492,0.280340
60718,45556,0.280400
93194,85727,0.280543
73273,110130,0.280568
47508,56343,0.280611
67472,68245,0.280673
71352,30122,0.280985
72607,92041,0.281049
75141,5165,0.281094
75458,85727,0.281145
85670,32607,0.281162
72220,86414,0.281241
39429,71053,0.281254
72105,93747,0.281263
85258,93747,0.281329
74666,82729,0.281478
79593,5364,0.281488
26727,100345,0.281594
17358,29655,0.281708
57632,3419,0.281873
112029,50335,0.281964
93194,79882,0.282121
106032,46853,0.282277
28360,23875,0.282321
9236,50371,0.282414
8796,6537,0.282477
2021,112623,0.282500
81377,8903,0.282586
24674,22549,0.282593
61932,2081,0.282635
113368,21281,0.282757
39429,69996,0.282862
30122,50371,0.282883
32759,42828,0.282943
41037,38827,0.282944
23015,75177,0.283263
65378,80331,0.283347
80331,28103,0.283428
59803,50371,0.283508
82396,10064,0.283519
88048,73555,0.283556
21281,72220,0.283631
86228,51576,0.283677
80816,24305,0.283766
81833,72220,0.283897
72220,82729,0.283988
59747,75264,0.284152
93747,57757,0.284208
18246,49841,0.284245
75141,102618,0.284291
54872,23875,0.284413
71075,20889,0.284553
61941,2021,0.284567
102098,93805,0.284827
25428,15474,0.284899
82545,1562,0.284951
37826,1067,0.284979
80763,28103,0.284994
22549,47508,0.285028
76600,81833,0.285047
30122,48774,0.285064
30122,3821,0.285066
9236,21281,0.285130
34444,92855,0.285207
62956,677,0.285214
27628,93805,0.285249
34444,94376,0.285351
64962,106985,0.285404
54539,8102,0.285460
25985,97165,0.285729
65474,68245,0.285883
14135,97278,0.285960
97649,86974,0.286087
72105,89642,0.286286
11767,79882,0.286525
49669,50801,0.286530
65378,74395,0.286656
81377,13209,0.286731
87833,21281,0.286931
55282,37740,0.286936
11767,106032,0.287037
61932,67472,0.287087
86228,97165,0.287142
84970,61199,0.287168
106032,48774,0.287235
76297,71075,0.287341
93747,46853,0.287366
113368,27628,0.287446
23015,27628,0.287533
71352,67472,0.287549
2081,92420,0.287648
52727,71075,0.287681
73714,109427,0.287800
11767,45941,0.287866
33977,79882,0.287959
62322,8886,0.288012
23875,85727,0.288133
85696,81693,0.288177
61084,58001,0.288195
89931,33977,0.288258
23015,85670,0.288265
25985,51576,0.288365
78401,73273,0.288393
90496,5165,0.288397
97278,86742,0.288438
30122,93194,0.288458
102098,85670,0.288528
4427,49583,0.288598
80331,63608,0.288930
59747,97278,0.288955
71683,85258,0.288997
72607,86670,0.289062
102098,93747,0.289229
9640,25606,0.289247
112029,6537,0.289325
46390,17702,0.289472
15863,90496,0.289548
13209,5364,0.289561
52419,92041,0.289576
36850,84143,0.289590
113368,76600,0.289610
38827,37819,0.289706
61359,93194,0.289750
112623,55282,0.289882
50335,74395,0.289910
54872,64962,0.289962
113881,18724,0.290129
50583,52727,0.290192
97278,37229,0.290225
35904,32607,0.290265
82396,110960,0.290406
74946,22449,0.290414
26311,2021,0.290524
89931,73334,0.290601
54539,38170,0.290676
108085,54879,0.290879
9236,68756,0.290907
93747,76600,0.290943
23875,14354,0.290944
23767,16083,0.290967
81377,71795,0.291132
72622,33018,0.291343
93747,82729,0.291505
74946,99240,0.291622
84345,67472,0.291674
3092,112748,0.291736
95947,102395,0.291843
102618,7097,0.291975
61084,26207,0.292036
88635,22797,0.292055
93194,13209,0.292133
2021,77622,0.292248
42828,37229,0.292275
84380,17847,0.292284
71681,85258,0.292340
33977,50371,0.292429
85267,8102,0.292587
27366,17378,0.292674
26311,9640,0.292723
65378,25606,0.292795
71681,42913,0.292815
72105,68245,0.292974
63608,8796,0.292993
54872,93747,0.293552
42913,48774,0.293655
93194,27628,0.293670
37740,75695,0.293699
82514,32768,0.293744
59803,25985,0.293755
50801,78384,0.293815
24436,17847,0.293844
2021,37229,0.293965
68702,1067,0.293973
8903,74666,0.294034
73334,85727,0.294089
38170,110960,0.294286
54061,32759,0.294343
39953,35550,0.294374
109492,92420,0.294439
33977,93805,0.294470
36188,32607,0.294470
93805,86414,0.294518
54061,68282,0.294537
14135,75264,0.294594
71908,63613,0.294599
63125,31685,0.294604
73714,43109,0.294639
85792,80816,0.294834
78820,10602,0.294842
59803,2081,0.294882
109268,32768,0.295156
93506,73334,0.295494
25336,39953,0.295553
54872,57757,0.295608
48002,35350,0.295647
59803,13209,0.295718
57632,33977,0.295852
72607,78820,0.295897
86032,23416,0.296025
6867,57363,0.296062
73334,79882,0.296114
93506,33977,0.296160
107556,22449,0.296162
27989,23875,0.296181
81693,14328,0.296199
11767,68756,0.296485
85258,89642,0.296522
101769,68245,0.296586
87833,75177,0.296596
86263,47508,0.296601
73714,35550,0.296606
3179,77070,0.296684
102098,23875,0.296697
26451,86974,0.296786
112748,30867,0.296819
39429,41704,0.296868
26634,87073,0.296999
91262,39757,0.297041
52727,110130,0.297145
85927,72622,0.297229
8102,20889,0.297230
16083,76470,0.297398
88048,17378,0.297436
90496,32246,0.297709
2021,102422,0.297744
76267,9236,0.297789
87833,82729,0.297791
71683,42913,0.297796
50801,27288,0.297874
46390,93864,0.297984
77070,74946,0.297997
4427,74395,0.298105
81833,82729,0.298116
71683,67464,0.298155
18543,45080,0.298180
113963,99240,0.298347
5447,77622,0.298373
112122,88771,0.298378
24436,94376,0.298412
33579,75097,0.298536
6686,35350,0.298607
30324,81377,0.298630
66657,19780,0.298639
83081,8886,0.298649
1067,102395,0.298879
57632,52727,0.298905
65474,113368,0.299079
93194,50371,0.299123
42913,93805,0.299236
92855,5447,0.299292
18532,33018,0.299315
81377,36188,0.299324
18724,99240,0.299467
24608,65474,0.299504
97165,73334,0.299587
83081,57363,0.299650
30122,55219,0.299701
63125,86974,0.299763
82396,46701,0.299819
30324,28360,0.299892
54539,98337,0.300004
93805,92420,0.300048
71075,54539,0.300137
59803,61359,0.300191
65474,59803,0.300340
14354,48774,0.300434
84012,37819,0.300453
61932,81377,0.300506
21421,78820,0.300522
68702,100453,0.300600
27989,48774,0.300728
92855,94141,0.300738
67472,81833,0.300765
49669,25930,0.300793
100751,112122,0.300802
8102,99240,0.300817
27628,50371,0.300826
10064,56561,0.300837
113368,92420,0.301093
26311,5447,0.301316
54061,77622,0.301332
2081,93194,0.301342
36188,88635,0.301346
82396,16083,0.301687
3419,71075,0.301844
23685,51624,0.301912
57632,87833,0.302013
8102,110960,0.302059
9884,104732,0.302085
18543,50372,0.302356
32349,57632,0.302383
23015,92420,0.302539
68702,86228,0.302564
43109,109427,0.302585
59803,97165,0.302605
1067,84143,0.302615
17702,8796,0.302616
71681,67464,0.302632
11767,93506,0.302720
97278,25606,0.302768
15474,100064,0.302933
18246,59774,0.302939
74666,71795,0.302946
73334,51576,0.303066
14576,43109,0.303099
93194,68756,0.303328
26311,7607,0.303403
75264,93085,0.303478
45941,33977,0.303506
71352,82729,0.303544
112122,30343,0.303544
59316,67464,0.303741
67301,86929,0.303798
35904,13209,0.303798
82514,89937,0.303875
5447,47908,0.303913
92041,68895,0.303928
76267,3821,0.304051
83895,100064,0.304228
93194,92420,0.304368
71860,3179,0.304406
61932,13209,0.304410
54872,27628,0.304579
80331,113726,0.304626
37279,26311,0.304651
78401,76297,0.304766
105199,101958,0.304954
73334,55219,0.304987
37279,77622,0.304995
76267,68245,0.305081
76267,93194,0.305210
25606,63608,0.305389
3179,8102,0.305394
80331,94376,0.305496
26311,50099,0.305609
55282,30867,0.305616
50372,112623,0.305676
71908,55282,0.305790
37279,92855,0.305914
59803,51576,0.305955
2920,112724,0.306179
74395,113726,0.306247
97278,71908,0.306252
85927,746,0.306295
26311,113726,0.306568
85670,88635,0.306627
54539,20889,0.306637
67927,82514,0.306657
71681,93805,0.306674
57632,46853,0.306680
88635,64962,0.306707
32349,57363,0.306840
57632,75177,0.306865
59803,82729,0.306918
63608,92041,0.307093
110130,71075,0.307126
677,26207,0.307153
25930,82514,0.307160
30438,75264,0.307195
50335,77622,0.307236
50583,9236,0.307577
28360,73334,0.307672
85927,18532,0.307680
32349,8886,0.307822
23875,32607,0.307898
56561,51624,0.308107
104732,74395,0.308161
97278,6537,0.308259
50801,89937,0.308305
32607,75458,0.308329
31681,50801,0.308555
112623,30867,0.308717
47908,37229,0.308752
11767,46853,0.308848
25336,73714,0.308857
25606,7607,0.308896
11767,54872,0.309022
59747,49583,0.309026
8796,74395,0.309150
86032,109427,0.309175
4427,6537,0.309217
50335,6537,0.309232
66249,30867,0.309249
68756,72220,0.309394
49669,84380,0.309446
107315,25281,0.309465
44816,85792,0.309469
2021,47908,0.309566
113963,15900,0.309633
71860,8102,0.309634
21421,25281,0.309763
71683,93805,0.309842
104732,37229,0.309878
28360,93194,0.310022
61359,9236,0.310048
746,31685,0.310153
30324,23875,0.310407
8796,17499,0.310431
93747,21281,0.310450
82514,50801,0.310536
30324,85670,0.310619
108085,88714,0.310675
43813,1562,0.310889
78820,30867,0.310981
37279,47908,0.311051
83081,67464,0.311143
80112,90496,0.311255
36188,106032,0.311321
7588,67301,0.311368
18543,90422,0.311373
25985,93194,0.311471
29655,15474,0.311488
32768,63090,0.311685
50371,72220,0.311790
14135,49583,0.311819
92041,28103,0.311913
61932,82729,0.311944
76267,72220,0.311979
97165,106985,0.312070
59196,73714,0.312102
78265,112158,0.312117
61932,25985,0.312142
26207,101958,0.312142
106278,52943,0.312144
32607,85727,0.312219
87833,84345,0.312277
66249,68282,0.312333
2081,33977,0.312418
32349,93747,0.312454
19780,102618,0.312487
42913,93747,0.312510
100453,77233,0.312564
72607,18543,0.312574
84345,68245,0.312599
63608,10602,0.312618
60718,30343,0.312811
89642,98337,0.312858
3419,110130,0.312863
65474,97165,0.312913
59774,27072,0.312992
68756,68245,0.313008
21421,112748,0.313051
46853,101769,0.313178
9236,55219,0.313257
41704,20042,0.313357
102488,19780,0.313404
26451,60260,0.313437
112623,102422,0.313455
93506,9236,0.313476
89931,3821,0.313599
6537,28103,0.313673
65474,51576,0.313680
38827,37740,0.313743
113368,93805,0.313903
51576,106985,0.314015
2081,30122,0.314077
92855,47908,0.314116
71681,55219,0.314119
59803,21281,0.314202
6686,2920,0.314354
50099,37740,0.314510
42913,67472,0.314549
72607,63608,0.314592
94141,50801,0.314608
69996,93085,0.314762
25606,55282,0.314833
57632,73273,0.314841
67927,20894,0.314933
18532,86974,0.315080
80763,5447,0.315130
61932,27628,0.315198
39429,30343,0.315327
112158,17847,0.315332
9236,79882,0.315450
107315,45080,0.315521
29655,75695,0.315546
82514,46651,0.315601
98337,20889,0.315609
85792,36377,0.315744
80763,112623,0.315786
94376,42828,0.315807
9884,92041,0.315865
74666,72220,0.316087
71352,21281,0.316251
9884,90422,0.316631
61932,85727,0.316665
59774,75458,0.316790
25606,49583,0.316875
65109,36377,0.317030
25606,28103,0.317114
10064,63613,0.317120
17678,81833,0.317138
76267,73334,0.317146
2081,72220,0.317230
57632,93805,0.317314
86929,28103,0.317333
102488,1067,0.317336
65109,33977,0.317510
50371,92420,0.317564
112029,42828,0.317672
77516,88714,0.317935
18543,25281,0.318030
65378,8796,0.318061
29655,38827,0.318087
65109,74666,0.318183
36850,7097,0.318266
34444,52419,0.318281
102488,75097,0.318387
73273,89642,0.318440
71683,55219,0.318481
83895,17378,0.318558
26451,36377,0.318589
68895,6537,0.318603
74395,7607,0.318635
68895,86929,0.318828
72622,80816,0.318911
11767,68245,0.318973
30324,36188,0.318979
32349,72105,0.319040
68933,54872,0.319068
25606,37229,0.319166
59774,5364,0.319237
67464,57363,0.319262
28380,50801,0.319316
110130,98337,0.319370
67301,87073,0.319451
52419,10602,0.319471
62434,37826,0.319498
106032,57757,0.319705
73334,68756,0.319787
746,33018,0.319793
73334,67472,0.319867
11767,81377,0.319950
42913,82729,0.319989
3821,68756,0.320148
27288,1562,0.320150
112029,90422,0.320354
54872,48774,0.320395
25281,37740,0.320498
46701,20042,0.320531
81377,85670,0.320551
37279,80763,0.320625
26727,86929,0.320752
71681,2081,0.320782
14328,45860,0.320882
71352,76600,0.321026
54872,92420,0.321051
79593,40526,0.321138
61932,21281,0.321469
27366,77516,0.321472
8796,7607,0.321512
92041,50335,0.321590
30122,64962,0.321615
66657,7097,0.321622
24305,60260,0.321663
25930,75141,0.321672
32246,95947,0.321711
62434,12706,0.321802
66657,32246,0.321999
27989,65474,0.322081
102098,67472,0.322108
75177,86414,0.322254
65474,61932,0.322357
76297,98337,0.322389
79882,3821,0.322432
26311,112158,0.322493
87833,67472,0.322788
54872,84345,0.322909
102098,82729,0.322931
72607,52419,0.322994
25606,68895,0.323094
18543,10602,0.323225
5364,27072,0.323241
107556,59316,0.323302
73273,98337,0.323341
102098,48774,0.323409
86228,11767,0.323465
97278,41704,0.323478
76297,23685,0.323680
71352,93805,0.323721
93085,71053,0.323742
9640,74395,0.323761
62956,93085,0.323809
89931,9236,0.323864
93506,27628,0.324041
64962,32607,0.324110
68895,10602,0.324121
63608,6537,0.324149
93194,67472,0.324330
54061,2021,0.324332
677,20042,0.324451
26634,23416,0.324518
78401,20889,0.324519
91262,71352,0.324626
91262,67464,0.324680
52419,86929,0.324722
32246,102395,0.324769
83000,102395,0.324775
54061,42828,0.324800
72607,50099,0.324816
71683,2081,0.324856
78384,46651,0.325024
39953,24305,0.325054
38827,30867,0.325192
71352,85727,0.325220
59803,76600,0.325325
34444,68895,0.325344
23767,75264,0.325346
50099,10602,0.325357
50583,84345,0.325409
113368,75177,0.325470
10602,28103,0.325470
25606,112623,0.325472
30438,4427,0.325544
34444,86742,0.325557
74946,107556,0.325725
44816,746,0.325821
47908,94376,0.325910
60965,52943,0.325961
102098,75177,0.326097
68002,88771,0.326172
73273,31685,0.326258
73334,50371,0.326560
67472,72220,0.326594
80763,80331,0.326665
74946,57363,0.326737
82273,75141,0.326742
62956,30343,0.326755
72607,68895,0.326831
11767,33977,0.326895
36377,86974,0.326909
75458,13209,0.327076
89931,68245,0.327193
37229,77622,0.327267
17678,116727,0.327338
72607,50372,0.327344
28380,82514,0.327376
92855,50335,0.327391
65474,93805,0.327419
61932,92420,0.327435
50099,66249,0.327469
7588,26207,0.327520
9236,67472,0.327525
85727,106985,0.327532
9884,97278,0.327554
76267,74666,0.327618
72607,28103,0.327669
61941,8796,0.327678
32768,1562,0.328128
27989,25985,0.328217
57632,93747,0.328358
5447,42828,0.328465
74946,85267,0.328489
87073,17499,0.328579
85696,110130,0.328624
79882,68245,0.328677
81377,93194,0.328771
61084,105199,0.328940
113136,102618,0.329108
75097,95947,0.329179
109268,43813,0.329265
81377,32607,0.329269
30122,46853,0.329344
52419,6537,0.329422
84143,60260,0.329549
8903,67472,0.329620
73334,88635,0.329792
14354,13209,0.329855
39757,14354,0.329877
72105,76600,0.329907
15900,51624,0.329912
113368,81377,0.329952
26311,65378,0.329989
20894,42536,0.330028
94141,78384,0.330054
72105,2081,0.330066
9236,109492,0.330138
61932,76600,0.330187
65474,61359,0.330231
63608,86929,0.330295
12706,43109,0.330302
65109,26451,0.330589
45941,9236,0.330684
32349,84345,0.330718
52419,25606,0.330787
39953,12706,0.331029
61585,77233,0.331049
15863,84379,0.331086
54872,14354,0.331237
93747,72220,0.331310
45941,3821,0.331360
60965,85670,0.331363
32759,10602,0.331402
34444,28103,0.331423
93747,67472,0.331424
69673,102488,0.331629
3092,47508,0.331828
86742,104732,0.331876
21421,102422,0.331882
20889,46733,0.332021
59803,85727,0.332038
113963,85267,0.332069
106032,14354,0.332220
25336,74785,0.332346
94141,92041,0.332398
24436,86742,0.332399
48002,17499,0.332569
39953,14576,0.332581
23015,93747,0.332770
79882,72220,0.332802
45941,27628,0.332802
112623,37740,0.332925
97278,94376,0.332981
84379,5165,0.333009
30438,41704,0.333052
106032,27628,0.333080
88714,27072,0.333349
112724,26551,0.333423
57632,68245,0.333440
35904,30122,0.333482
59774,49841,0.333636
69996,74395,0.333648
93747,106032,0.333693
73334,106985,0.333734
81377,106032,0.333954
50801,33856,0.333999
49669,84379,0.334128
54872,36188,0.334154
112724,26549,0.334172
90185,38827,0.334271
109074,23767,0.334372
93506,72220,0.334489
62322,85258,0.334647
42913,75177,0.334681
65474,87833,0.334784
35904,8903,0.334929
52943,75458,0.334991
83895,73555,0.335135
17702,17499,0.335147
33977,109492,0.335161
33579,35904,0.335308
82273,75097,0.335330
37279,42828,0.335343
71681,14354,0.335539
4427,104732,0.335570
42913,85727,0.335640
39757,85727,0.335684
86974,87108,0.335723
81377,17678,0.335758
42913,21281,0.335792
42913,76600,0.335825
24608,88635,0.335842
35264,88048,0.335900
25428,61199,0.335937
78265,94141,0.335957
23015,46853,0.336192
54061,25281,0.336328
50372,49583,0.336338
59196,80112,0.336398
35904,71795,0.336470
78265,80331,0.336477
44471,77233,0.336575
2081,73334,0.336596
80112,23416,0.336611
86228,35904,0.336647
78265,17702,0.336729
74946,6867,0.336786
75141,46651,0.337022
102395,87108,0.337045
90422,113726,0.337160
69996,41704,0.337280
41704,86929,0.337303
81266,32246,0.337387
72105,50371,0.337426
99473,42536,0.337483
71075,23685,0.337502
65474,73334,0.337548
75458,5364,0.337618
30438,46701,0.337731
102098,76600,0.337832
93506,3821,0.337837
80331,37229,0.337973
46390,17847,0.337989
61359,73334,0.338095
17358,50099,0.338119
30122,74666,0.338137
81266,90496,0.338182
97165,64962,0.338252
37826,74785,0.338386
54879,17378,0.338435
92855,61941,0.338484
61084,35350,0.338489
93506,68245,0.338548
25428,90185,0.338600
89931,72220,0.338605
54061,47908,0.338634
18532,24305,0.338744
79593,22797,0.338812
112158,84380,0.338903
101772,88771,0.338982
33977,55219,0.339015
75177,101769,0.339042
54061,92041,0.339175
69673,62434,0.339260
71683,14354,0.339510
69673,87108,0.339621
42913,30122,0.339677
26311,9884,0.339732
50371,68245,0.339735
57757,86414,0.339773
27628,79882,0.339839
102098,21281,0.339844
86670,37229,0.339846
71908,22549,0.339854
34444,61941,0.339924
26727,78265,0.339925
67927,50801,0.340007
61932,97165,0.340274
35264,60965,0.340373
9884,80331,0.340373
76267,87833,0.340575
45860,95501,0.340602
113963,23685,0.340700
28360,61932,0.340708
65474,71352,0.340769
73714,2920,0.340774
104732,102422,0.340914
93506,92420,0.340973
89931,74666,0.341066
47908,112029,0.341203
91262,93194,0.341317
80112,112724,0.341318
9640,8796,0.341416
85670,106032,0.341433
60718,110960,0.341439
50583,68933,0.341467
27628,68756,0.341579
3092,63613,0.341668
64962,51576,0.341775
36850,1067,0.341791
73273,71075,0.341870
74666,68756,0.342009
92855,77622,0.342220
11767,50371,0.342307
746,85696,0.342346
113136,77233,0.342405
30324,64962,0.342413
34444,17499,0.342622
50801,99473,0.342634
81377,23015,0.342835
34444,63608,0.343044
8796,17847,0.343149
53910,28380,0.343175
24436,6537,0.343181
112029,69996,0.343432
45941,68245,0.343534
33579,5364,0.343580
6686,26549,0.343635
61932,51576,0.343637
112029,86929,0.343695
65474,81377,0.343809
53910,89937,0.343822
11767,109492,0.343843
3419,72105,0.343858
48002,6537,0.343937
41037,61199,0.344035
11767,57757,0.344117
71681,109492,0.344182
14576,59196,0.344202
105199,26207,0.344277
66249,37740,0.344328
49669,1562,0.344404
38827,66249,0.344496
71352,75177,0.344509
86742,42828,0.344566
92855,42828,0.344667
8903,81833,0.344750
60965,13209,0.344774
72105,82729,0.344994
50372,10602,0.345052
76267,81833,0.345065
78384,93864,0.345071
90422,49583,0.345096
97165,106032,0.345112
46390,78265,0.345215
104732,113726,0.345263
71352,13209,0.345311
26241,35264,0.345360
84345,85258,0.345453
93194,82729,0.345606
71075,15900,0.345628
50583,73273,0.345683
102488,32362,0.345692
59774,88714,0.345710
97649,31685,0.345828
67464,87261,0.345898
677,14135,0.346032
9236,81833,0.346033
63608,104732,0.346038
78820,17358,0.346180
86670,94376,0.346205
27989,106985,0.346411
66657,75141,0.346451
60718,10064,0.346519
87833,68756,0.346564
6686,26551,0.346635
91262,61359,0.346926
25281,112623,0.347033
15863,81266,0.347108
25336,83000,0.347226
33579,7097,0.347239
72607,112029,0.347281
17499,6537,0.347413
80112,26551,0.347556
112158,7607,0.347673
41037,15474,0.347703
30122,75177,0.347717
106032,51576,0.347726
78401,89642,0.347732
34444,37229,0.348016
71075,89642,0.348022
28380,17358,0.348097
81266,5165,0.348113
79882,74666,0.348162
100453,84143,0.348174
3821,72220,0.348194
62434,83000,0.348204
72607,32759,0.348483
27989,73334,0.348565
45080,112623,0.348648
71683,109492,0.348688
90185,84970,0.348813
3821,75177,0.348869
45941,72220,0.348869
34444,100345,0.348897
25985,22797,0.348928
71683,8886,0.348934
80763,25606,0.348984
113136,27072,0.349008
61585,32246,0.349035
11767,23015,0.349053
109074,111169,0.349065
